USE movie_theatre;

INSERT INTO user (login, password, role, email)
VALUES ('admin', 'admin', 'ROLE_ADMIN', 'admin@gmail.com'),
       ('reni', 'reni', 'ROLE_USER', 'reni@gmail.com'),
       ('test', 'test', 'ROLE_USER', 'test@gmail.com');

INSERT INTO hall (name)
VALUES ('1'),
       ('2'),
       ('3');

INSERT INTO seat (seat_row, place, hall_id)
VALUES (1, 1, 1),
       (1, 2, 1),
       (1, 3, 1),
       (1, 4, 1),
       (1, 5, 1),
       (1, 6, 1),
       (1, 7, 1),
       (1, 8, 1),
       (1, 9, 1),
       (2, 1, 1),
       (2, 2, 1),
       (2, 3, 1),
       (2, 4, 1),
       (2, 5, 1),
       (2, 6, 1),
       (2, 7, 1),
       (2, 8, 1),
       (2, 9, 1),
       (3, 1, 1),
       (3, 2, 1),
       (3, 3, 1),
       (3, 4, 1),
       (3, 5, 1),
       (3, 6, 1),
       (3, 7, 1),
       (3, 8, 1),
       (3, 9, 1),
       (4, 1, 1),
       (4, 2, 1),
       (4, 3, 1),
       (4, 4, 1),
       (4, 5, 1),
       (4, 6, 1),
       (4, 7, 1),
       (4, 8, 1),
       (4, 9, 1),
       (5, 1, 1),
       (5, 2, 1),
       (5, 3, 1),
       (5, 4, 1),
       (5, 5, 1),
       (5, 6, 1),
       (5, 7, 1),
       (5, 8, 1),
       (5, 9, 1),

       (1, 1, 2),
       (1, 2, 2),
       (1, 3, 2),
       (1, 4, 2),
       (1, 5, 2),
       (1, 6, 2),
       (1, 7, 2),
       (1, 8, 2),
       (1, 9, 2),
       (2, 1, 2),
       (2, 2, 2),
       (2, 3, 2),
       (2, 4, 2),
       (2, 5, 2),
       (2, 6, 2),
       (2, 7, 2),
       (2, 8, 2),
       (2, 9, 2),
       (3, 1, 2),
       (3, 2, 2),
       (3, 3, 2),
       (3, 4, 2),
       (3, 5, 2),
       (3, 6, 2),
       (3, 7, 2),
       (3, 8, 2),
       (3, 9, 2),
       (4, 1, 2),
       (4, 2, 2),
       (4, 3, 2),
       (4, 4, 2),
       (4, 5, 2),
       (4, 6, 2),
       (4, 7, 2),
       (4, 8, 2),
       (4, 9, 2),
       (5, 1, 2),
       (5, 2, 2),
       (5, 3, 2),
       (5, 4, 2),
       (5, 5, 2),
       (5, 6, 2),
       (5, 7, 2),
       (5, 8, 2),
       (5, 9, 2),

       (1, 1, 3),
       (1, 2, 3),
       (1, 3, 3),
       (1, 4, 3),
       (1, 5, 3),
       (1, 6, 3),
       (1, 7, 3),
       (1, 8, 3),
       (1, 9, 3),
       (2, 1, 3),
       (2, 2, 3),
       (2, 3, 3),
       (2, 4, 3),
       (2, 5, 3),
       (2, 6, 3),
       (2, 7, 3),
       (2, 8, 3),
       (2, 9, 3),
       (3, 1, 3),
       (3, 2, 3),
       (3, 3, 3),
       (3, 4, 3),
       (3, 5, 3),
       (3, 6, 3),
       (3, 7, 3),
       (3, 8, 3),
       (3, 9, 3),
       (4, 1, 3),
       (4, 2, 3),
       (4, 3, 3),
       (4, 4, 3),
       (4, 5, 3),
       (4, 6, 3),
       (4, 7, 3),
       (4, 8, 3),
       (4, 9, 3),
       (5, 1, 3),
       (5, 2, 3),
       (5, 3, 3),
       (5, 4, 3),
       (5, 5, 3),
       (5, 6, 3),
       (5, 7, 3),
       (5, 8, 3),
       (5, 9, 3);

INSERT INTO movie (title, directed_by, duration_minutes, trailer_url, background_img_url, cover_img_url)
VALUES ('Lobster', 'Yorgos Lanthimos', 116,
        'https://www.youtube.com/watch?v=vU29VfayDMw',
        'https://s3.amazonaws.com/bncore/wp-content/uploads/2016/06/288350.jpg',
        'https://bookshelf.ca/i/size/o/media--0665557f-463f-e93c-f1ed-ee05bae19537/w/600'),

       ('Eternal Sunshine of the Spotless Mind', 'Michel Gondry', 108,
        'https://www.youtube.com/watch?v=07-QBnEkgXU',
        'http://hd-kino.net/uploads/posts/2015-11/1447508640_5.jpg',
        'https://upload.wikimedia.org/wikipedia/ru/thumb/a/af/Eternal_Sunshine_of_the_Spotless_Mind.jpg/269px-Eternal_Sunshine_of_the_Spotless_Mind.jpg');

INSERT INTO movie_session (movie_id, hall_id, start_at, price)
VALUES (1, 1, '2019-11-26 10:30:00', 60),
       (1, 1, '2019-11-26 13:00:00', 80),
       (1, 2, '2019-11-26 16:30:00', 80),
       (2, 1, '2019-11-26 15:00:00', 80),
       (2, 1, '2019-11-26 19:00:00', 120),

       (1, 1, '2019-11-27 10:30:00', 60),
       (1, 1, '2019-11-27 13:00:00', 80),
       (2, 1, '2019-11-27 15:00:00', 80),
       (2, 1, '2019-11-27 19:00:00', 120);

INSERT INTO booking (created_at, user_id, seat_id, session_id, status)
VALUES ('2019-11-18 13:45:47', 1, 11, 9, 'PAID'),
       ('2019-11-17 00:12:47', 2, 4, 9, 'BOOKED'),
       ('2019-11-17 00:12:47', 2, 49, 5, 'PAID'),
       ('2019-11-12 15:02:04', 2, 5, 1, 'PAID'),
       ('2019-11-24 20:48:51', 2, 10, 8, 'BOOKED'),
       ('2019-11-24 20:48:51', 2, 11, 8, 'BOOKED'),
       ('2019-11-25 01:30:10', 3, 23, 2, 'BOOKED'),
       ('2019-11-25 01:30:11', 3, 24, 2, 'BOOKED');



